geo_value,time_value,cases,cases_monthly_avg,deaths,deaths_monthly_avg,cases_per_100K,deaths_per_100K
11101,2020-08-08,3.0,,,,8.1,
11101,2020-08-15,10.0,,,,27.1,
11101,2020-08-22,10.0,,,,27.1,
11101,2020-08-29,15.0,10.0,,,40.7,
11101,2020-09-05,9.0,11.0,,,24.4,
11101,2020-09-12,6.0,10.0,,,16.3,
11101,2020-09-19,12.0,10.0,,,32.6,
11101,2020-09-26,20.0,12.0,,,54.3,
11101,2020-10-03,19.0,14.0,,,51.6,
11101,2020-10-10,17.0,17.0,,,46.1,
11101,2020-10-17,18.0,18.0,,,48.9,
11101,2020-10-24,19.0,18.0,,,51.6,
11101,2020-10-31,25.0,20.0,,,67.9,
11101,2020-11-07,39.0,25.0,,,105.9,
11101,2020-11-14,63.0,36.0,,,171.0,
11101,2020-11-21,45.0,43.0,,,122.2,
11101,2020-11-28,66.0,53.0,,,179.2,
11101,2020-12-05,101.0,69.0,,,274.2,
11101,2020-12-12,138.0,88.0,,,374.6,
11101,2020-12-19,114.0,105.0,,,309.5,
11101,2020-12-26,129.0,120.0,,,350.2,
11101,2021-01-02,130.0,128.0,,,352.9,
11101,2021-01-09,201.0,144.0,,,545.7,
11101,2021-01-16,151.0,153.0,,,409.9,
11101,2021-01-23,120.0,150.0,,,325.8,
11101,2021-01-30,142.0,154.0,,,385.5,
11101,2021-02-06,111.0,131.0,8.0,,301.3,21.7
11101,2021-02-13,109.0,120.0,8.0,,295.9,21.7
11101,2021-02-20,107.0,117.0,8.0,,290.5,21.7
11101,2021-02-27,109.0,109.0,8.0,,295.9,21.7
11101,2021-03-06,109.0,108.0,,,295.9,
11101,2021-03-13,126.0,113.0,,,342.1,
11101,2021-03-20,128.0,118.0,,,347.5,
11101,2021-03-27,125.0,122.0,,,339.4,
11101,2021-04-03,111.0,122.0,,,301.3,
11101,2021-04-10,93.0,114.0,,,252.5,
11101,2021-04-17,78.0,102.0,,,211.8,
11101,2021-04-24,46.0,82.0,,,124.9,
11101,2021-05-01,23.0,60.0,,,62.4,
11101,2021-05-08,23.0,42.0,,,62.4,
11101,2021-05-15,9.0,25.0,,,24.4,
11101,2021-05-22,3.0,14.0,,,8.1,
11101,2021-05-29,9.0,11.0,,,24.4,
11101,2021-06-05,4.0,6.0,,,10.9,
11101,2021-06-12,7.0,6.0,,,19.0,
11101,2021-06-19,6.0,6.0,,,16.3,
11101,2021-06-26,9.0,6.0,,,24.4,
11101,2021-07-03,19.0,10.0,,,51.6,
11101,2021-07-10,25.0,15.0,,,67.9,
11101,2021-07-17,27.0,20.0,,,73.3,
11101,2021-07-24,39.0,28.0,,,105.9,
11101,2021-07-31,35.0,32.0,,,95.0,
11101,2021-08-07,50.0,38.0,,,135.7,
11101,2021-08-14,65.0,47.0,,,176.5,
11101,2021-08-21,69.0,55.0,,,187.3,
11101,2021-08-28,59.0,61.0,,,160.2,
11101,2021-09-04,70.0,66.0,,,190.0,
11101,2021-09-11,71.0,67.0,,,192.8,
11101,2021-09-18,62.0,66.0,,,168.3,
11101,2021-09-25,51.0,64.0,,,138.4,
11101,2021-10-02,38.0,56.0,,,103.2,
11101,2021-10-09,46.0,49.0,,,124.9,
11101,2021-10-16,38.0,43.0,,,103.2,
11101,2021-10-23,28.0,38.0,,,76.0,
11101,2021-10-30,35.0,37.0,,,95.0,
11101,2021-11-06,50.0,38.0,,,135.7,
11101,2021-11-13,33.0,36.0,,,89.6,
11101,2021-11-20,68.0,46.0,,,184.6,
11101,2021-11-27,69.0,55.0,,,187.3,
11101,2021-12-04,93.0,66.0,,,252.5,
11101,2021-12-11,120.0,88.0,,,325.8,
11101,2021-12-18,651.0,233.0,,,1767.3,
11101,2021-12-25,1139.0,501.0,,,3092.1,
11101,2022-01-01,1531.0,860.0,14.0,,4156.3,38.0
11101,2022-01-08,1311.0,1158.0,14.0,,3559.1,38.0
11101,2022-01-15,629.0,1152.0,14.0,,1707.6,38.0
11101,2022-01-22,311.0,946.0,14.0,,844.3,38.0
11101,2022-01-29,127.0,594.0,14.0,,344.8,38.0
11101,2022-02-05,73.0,285.0,,,198.2,
11101,2022-02-12,58.0,142.0,,,157.5,
11101,2022-02-19,34.0,73.0,,,92.3,
11101,2022-02-26,32.0,49.0,,,86.9,
11101,2022-03-05,34.0,40.0,,,92.3,
11101,2022-03-12,38.0,34.0,,,103.2,
11101,2022-03-19,60.0,41.0,,,162.9,
11101,2022-03-26,90.0,56.0,,,244.3,
11101,2022-04-02,130.0,80.0,,,352.9,
11101,2022-04-09,138.0,104.0,,,374.6,
11101,2022-04-16,164.0,130.0,,,445.2,
11101,2022-04-23,150.0,146.0,,,407.2,
11101,2022-04-30,222.0,168.0,,,602.7,
11101,2022-05-07,273.0,202.0,,,741.1,
11101,2022-05-14,272.0,229.0,,,738.4,
11101,2022-05-21,249.0,254.0,,,676.0,
11101,2022-05-28,270.0,266.0,,,733.0,
11101,2022-06-04,195.0,246.0,,,529.4,
11101,2022-06-11,183.0,224.0,,,496.8,
11101,2022-06-18,160.0,202.0,,,434.4,
11101,2022-06-25,213.0,188.0,,,578.2,
11101,2022-07-02,225.0,195.0,,,610.8,
11101,2022-07-09,206.0,201.0,,,559.2,
11101,2022-07-16,218.0,216.0,,,591.8,
11101,2022-07-23,190.0,210.0,,,515.8,
11101,2022-07-30,158.0,193.0,,,428.9,
11101,2022-08-06,149.0,179.0,,,404.5,
11101,2022-08-13,134.0,158.0,,,363.8,
11101,2022-08-20,119.0,140.0,,,323.1,
11101,2022-08-27,94.0,124.0,,,255.2,
11101,2022-09-03,90.0,109.0,,,244.3,
11101,2022-09-10,82.0,96.0,,,222.6,
11101,2022-09-17,95.0,90.0,,,257.9,
11101,2022-09-24,87.0,88.0,,,236.2,
11101,2022-10-01,84.0,87.0,,,228.0,
11101,2022-10-08,86.0,88.0,,,233.5,
11101,2022-10-15,89.0,86.0,,,241.6,
10024,2020-08-08,4.0,,,,6.8,
10024,2020-08-15,14.0,,,,24.0,
10024,2020-08-22,5.0,,,,8.6,
10024,2020-08-29,3.0,6.0,,,5.1,
10024,2020-09-05,6.0,7.0,,,10.3,
10024,2020-09-12,6.0,5.0,,,10.3,
10024,2020-09-19,17.0,8.0,,,29.1,
10024,2020-09-26,18.0,12.0,,,30.8,
10024,2020-10-03,17.0,14.0,,,29.1,
10024,2020-10-10,10.0,16.0,,,17.1,
10024,2020-10-17,14.0,15.0,,,24.0,
10024,2020-10-24,20.0,15.0,,,34.2,
10024,2020-10-31,23.0,17.0,,,39.4,
10024,2020-11-07,51.0,27.0,,,87.3,
10024,2020-11-14,75.0,42.0,,,128.4,
10024,2020-11-21,84.0,58.0,,,143.8,
10024,2020-11-28,77.0,72.0,,,131.8,
10024,2020-12-05,87.0,81.0,,,148.9,
10024,2020-12-12,84.0,83.0,,,143.8,
10024,2020-12-19,115.0,91.0,,,196.9,
10024,2020-12-26,106.0,98.0,,,181.5,
10024,2021-01-02,112.0,104.0,5.0,,191.7,8.6
10024,2021-01-09,146.0,120.0,5.0,,249.9,8.6
10024,2021-01-16,138.0,126.0,5.0,,236.2,8.6
10024,2021-01-23,138.0,134.0,5.0,,236.2,8.6
10024,2021-01-30,129.0,138.0,5.0,,220.8,8.6
10024,2021-02-06,130.0,134.0,10.0,,222.6,17.1
10024,2021-02-13,113.0,128.0,10.0,,193.4,17.1
10024,2021-02-20,92.0,116.0,10.0,,157.5,17.1
10024,2021-02-27,92.0,107.0,10.0,,157.5,17.1
10024,2021-03-06,92.0,97.0,6.0,,157.5,10.3
10024,2021-03-13,109.0,96.0,6.0,,186.6,10.3
10024,2021-03-20,127.0,105.0,6.0,,217.4,10.3
10024,2021-03-27,97.0,106.0,6.0,,166.1,10.3
10024,2021-04-03,72.0,101.0,,,123.3,
10024,2021-04-10,83.0,95.0,,,142.1,
10024,2021-04-17,54.0,76.0,,,92.5,
10024,2021-04-24,25.0,58.0,,,42.8,
10024,2021-05-01,22.0,46.0,,,37.7,
10024,2021-05-08,12.0,28.0,,,20.5,
10024,2021-05-15,5.0,16.0,,,8.6,
10024,2021-05-22,9.0,12.0,,,15.4,
10024,2021-05-29,4.0,8.0,,,6.8,
10024,2021-06-05,3.0,5.0,,,5.1,
10024,2021-06-12,8.0,6.0,,,13.7,
10024,2021-06-19,6.0,5.0,,,10.3,
10024,2021-06-26,6.0,6.0,,,10.3,
10024,2021-07-03,9.0,7.0,,,15.4,
10024,2021-07-10,12.0,8.0,,,20.5,
10024,2021-07-17,21.0,12.0,,,36.0,
10024,2021-07-24,53.0,24.0,,,90.7,
10024,2021-07-31,39.0,31.0,,,66.8,
10024,2021-08-07,44.0,39.0,,,75.3,
10024,2021-08-14,52.0,47.0,,,89.0,
10024,2021-08-21,69.0,51.0,,,118.1,
10024,2021-08-28,59.0,56.0,,,101.0,
10024,2021-09-04,81.0,65.0,,,138.7,
10024,2021-09-11,73.0,70.0,,,125.0,
10024,2021-09-18,68.0,70.0,,,116.4,
10024,2021-09-25,69.0,73.0,,,118.1,
10024,2021-10-02,43.0,63.0,,,73.6,
10024,2021-10-09,50.0,58.0,,,85.6,
10024,2021-10-16,39.0,50.0,,,66.8,
10024,2021-10-23,22.0,38.0,,,37.7,
10024,2021-10-30,31.0,36.0,,,53.1,
10024,2021-11-06,49.0,35.0,,,83.9,
10024,2021-11-13,68.0,42.0,,,116.4,
10024,2021-11-20,77.0,56.0,,,131.8,
10024,2021-11-27,76.0,68.0,,,130.1,
10024,2021-12-04,98.0,80.0,,,167.8,
10024,2021-12-11,162.0,103.0,,,277.3,
10024,2021-12-18,715.0,263.0,,,1224.1,
10024,2021-12-25,1158.0,533.0,,,1982.5,
10024,2022-01-01,1066.0,775.0,11.0,,1825.0,18.8
10024,2022-01-08,1309.0,1062.0,11.0,,2241.0,18.8
10024,2022-01-15,449.0,996.0,11.0,,768.7,18.8
10024,2022-01-22,447.0,818.0,11.0,,765.2,18.8
10024,2022-01-29,210.0,604.0,11.0,,359.5,18.8
10024,2022-02-05,121.0,307.0,,,207.2,
10024,2022-02-12,75.0,213.0,,,128.4,
10024,2022-02-19,62.0,117.0,,,106.1,
10024,2022-02-26,56.0,78.0,,,95.9,
10024,2022-03-05,75.0,67.0,,,128.4,
10024,2022-03-12,55.0,62.0,,,94.2,
10024,2022-03-19,101.0,72.0,,,172.9,
10024,2022-03-26,174.0,101.0,,,297.9,
10024,2022-04-02,137.0,117.0,,,234.5,
10024,2022-04-09,210.0,156.0,,,359.5,
10024,2022-04-16,259.0,195.0,,,443.4,
10024,2022-04-23,199.0,201.0,,,340.7,
10024,2022-04-30,195.0,216.0,,,333.8,
10024,2022-05-07,304.0,239.0,,,520.4,
10024,2022-05-14,172.0,218.0,,,294.5,
10024,2022-05-21,231.0,226.0,,,395.5,
10024,2022-05-28,223.0,232.0,,,381.8,
10024,2022-06-04,156.0,196.0,,,267.1,
10024,2022-06-11,118.0,182.0,,,202.0,
10024,2022-06-18,118.0,154.0,,,202.0,
10024,2022-06-25,143.0,134.0,,,244.8,
10024,2022-07-02,157.0,134.0,,,268.8,
10024,2022-07-09,233.0,163.0,,,398.9,
10024,2022-07-16,191.0,181.0,,,327.0,
10024,2022-07-23,161.0,186.0,,,275.6,
10024,2022-07-30,158.0,186.0,,,270.5,
10024,2022-08-06,168.0,170.0,,,287.6,
10024,2022-08-13,140.0,157.0,,,239.7,
10024,2022-08-20,108.0,144.0,,,184.9,
10024,2022-08-27,95.0,128.0,,,162.6,
10024,2022-09-03,81.0,106.0,,,138.7,
10024,2022-09-10,104.0,97.0,,,178.1,
10024,2022-09-17,107.0,97.0,,,183.2,
10024,2022-09-24,107.0,100.0,,,183.2,
10024,2022-10-01,141.0,115.0,,,241.4,
10024,2022-10-08,111.0,116.0,,,190.0,
10024,2022-10-15,94.0,113.0,,,160.9,
11209,2020-08-08,19.0,,,,28.1,
11209,2020-08-15,21.0,,,,31.1,
11209,2020-08-22,17.0,,,,25.2,
11209,2020-08-29,23.0,20.0,,,34.1,
11209,2020-09-05,17.0,20.0,,,25.2,
11209,2020-09-12,15.0,18.0,,,22.2,
11209,2020-09-19,14.0,17.0,,,20.7,
11209,2020-09-26,26.0,18.0,,,38.5,
11209,2020-10-03,27.0,20.0,,,40.0,
11209,2020-10-10,33.0,25.0,,,48.9,
11209,2020-10-17,45.0,33.0,,,66.7,
11209,2020-10-24,55.0,40.0,,,81.5,
11209,2020-10-31,44.0,44.0,,,65.2,
11209,2020-11-07,75.0,55.0,,,111.1,
11209,2020-11-14,85.0,65.0,,,125.9,
11209,2020-11-21,134.0,84.0,,,198.5,
11209,2020-11-28,159.0,113.0,,,235.5,
11209,2020-12-05,196.0,144.0,9.0,,290.3,13.3
11209,2020-12-12,206.0,174.0,9.0,,305.1,13.3
11209,2020-12-19,216.0,194.0,9.0,,319.9,13.3
11209,2020-12-26,274.0,223.0,9.0,,405.8,13.3
11209,2021-01-02,310.0,252.0,15.0,,459.2,22.2
11209,2021-01-09,387.0,297.0,15.0,,573.2,22.2
11209,2021-01-16,358.0,332.0,15.0,,530.3,22.2
11209,2021-01-23,360.0,354.0,15.0,,533.2,22.2
11209,2021-01-30,287.0,348.0,15.0,,425.1,22.2
11209,2021-02-06,225.0,308.0,20.0,,333.3,29.6
11209,2021-02-13,251.0,281.0,20.0,,371.8,29.6
11209,2021-02-20,202.0,241.0,20.0,,299.2,29.6
11209,2021-02-27,205.0,221.0,20.0,,303.6,29.6
11209,2021-03-06,209.0,217.0,14.0,14,309.6,20.7
11209,2021-03-13,221.0,209.0,14.0,14,327.3,20.7
11209,2021-03-20,192.0,207.0,14.0,14,284.4,20.7
11209,2021-03-27,252.0,218.0,14.0,14,373.2,20.7
11209,2021-04-03,218.0,221.0,11.0,15,322.9,16.3
11209,2021-04-10,209.0,218.0,11.0,15,309.6,16.3
11209,2021-04-17,172.0,213.0,11.0,15,254.8,16.3
11209,2021-04-24,102.0,175.0,11.0,15,151.1,16.3
11209,2021-05-01,91.0,144.0,8.0,13,134.8,11.8
11209,2021-05-08,60.0,106.0,8.0,13,88.9,11.8
11209,2021-05-15,25.0,70.0,8.0,13,37.0,11.8
11209,2021-05-22,15.0,48.0,8.0,13,22.2,11.8
11209,2021-05-29,14.0,28.0,8.0,13,20.7,11.8
11209,2021-06-05,9.0,16.0,,,13.3,
11209,2021-06-12,7.0,11.0,,,10.4,
11209,2021-06-19,6.0,9.0,,,8.9,
11209,2021-06-26,11.0,8.0,,,16.3,
11209,2021-07-03,9.0,8.0,,,13.3,
11209,2021-07-10,21.0,12.0,,,31.1,
11209,2021-07-17,29.0,18.0,,,43.0,
11209,2021-07-24,47.0,26.0,,,69.6,
11209,2021-07-31,78.0,44.0,,,115.5,
11209,2021-08-07,102.0,64.0,,,151.1,
11209,2021-08-14,110.0,84.0,,,162.9,
11209,2021-08-21,120.0,102.0,,,177.7,
11209,2021-08-28,81.0,103.0,,,120.0,
11209,2021-09-04,104.0,104.0,,,154.0,
11209,2021-09-11,105.0,102.0,,,155.5,
11209,2021-09-18,98.0,97.0,,,145.2,
11209,2021-09-25,90.0,99.0,,,133.3,
11209,2021-10-02,78.0,93.0,,,115.5,
11209,2021-10-09,71.0,84.0,,,105.2,
11209,2021-10-16,45.0,71.0,,,66.7,
11209,2021-10-23,39.0,58.0,,,57.8,
11209,2021-10-30,53.0,52.0,,,78.5,
11209,2021-11-06,51.0,47.0,,,75.5,
11209,2021-11-13,76.0,55.0,,,112.6,
11209,2021-11-20,126.0,76.0,,,186.6,
11209,2021-11-27,111.0,91.0,,,164.4,
11209,2021-12-04,169.0,120.0,7.0,,250.3,10.4
11209,2021-12-11,214.0,155.0,7.0,,317.0,10.4
11209,2021-12-18,514.0,252.0,7.0,,761.3,10.4
11209,2021-12-25,1365.0,566.0,7.0,,2021.8,10.4
11209,2022-01-01,2222.0,1079.0,27.0,,3291.2,40.0
11209,2022-01-08,2103.0,1551.0,27.0,,3114.9,40.0
11209,2022-01-15,1043.0,1683.0,27.0,,1544.8,40.0
11209,2022-01-22,574.0,1486.0,27.0,,850.2,40.0
11209,2022-01-29,280.0,1000.0,27.0,,414.7,40.0
11209,2022-02-05,147.0,511.0,6.0,,217.7,8.9
11209,2022-02-12,86.0,272.0,6.0,,127.4,8.9
11209,2022-02-19,66.0,145.0,6.0,,97.8,8.9
11209,2022-02-26,27.0,82.0,6.0,,40.0,8.9
11209,2022-03-05,25.0,51.0,,,37.0,
11209,2022-03-12,33.0,38.0,,,48.9,
11209,2022-03-19,38.0,31.0,,,56.3,
11209,2022-03-26,69.0,41.0,,,102.2,
11209,2022-04-02,80.0,55.0,,,118.5,
11209,2022-04-09,126.0,78.0,,,186.6,
11209,2022-04-16,154.0,107.0,,,228.1,
11209,2022-04-23,150.0,128.0,,,222.2,
11209,2022-04-30,199.0,157.0,,,294.8,
11209,2022-05-07,280.0,196.0,5.0,,414.7,7.4
11209,2022-05-14,317.0,236.0,5.0,,469.5,7.4
11209,2022-05-21,300.0,274.0,5.0,,444.4,7.4
11209,2022-05-28,256.0,288.0,5.0,,379.2,7.4
11209,2022-06-04,238.0,278.0,5.0,,352.5,7.4
11209,2022-06-11,201.0,249.0,5.0,,297.7,7.4
11209,2022-06-18,189.0,221.0,5.0,,279.9,7.4
11209,2022-06-25,186.0,204.0,5.0,,275.5,7.4
11209,2022-07-02,246.0,206.0,,,364.4,
11209,2022-07-09,248.0,217.0,,,367.3,
11209,2022-07-16,271.0,238.0,,,401.4,
11209,2022-07-23,220.0,246.0,,,325.9,
11209,2022-07-30,220.0,240.0,,,325.9,
11209,2022-08-06,177.0,222.0,5.0,,262.2,7.4
11209,2022-08-13,132.0,187.0,5.0,,195.5,7.4
11209,2022-08-20,131.0,165.0,5.0,,194.0,7.4
11209,2022-08-27,140.0,145.0,5.0,,207.4,7.4
11209,2022-09-03,118.0,130.0,,,174.8,
11209,2022-09-10,97.0,122.0,,,143.7,
11209,2022-09-17,108.0,116.0,,,160.0,
11209,2022-09-24,119.0,110.0,,,176.3,
11209,2022-10-01,143.0,117.0,,,211.8,
11209,2022-10-08,118.0,122.0,,,174.8,
11209,2022-10-15,127.0,127.0,,,188.1,
10461,2020-08-08,9.0,,,,18.3,
10461,2020-08-15,8.0,,,,16.3,
10461,2020-08-22,8.0,,,,16.3,
10461,2020-08-29,19.0,11.0,,,38.7,
10461,2020-09-05,19.0,14.0,,,38.7,
10461,2020-09-12,9.0,14.0,,,18.3,
10461,2020-09-19,12.0,15.0,,,24.4,
10461,2020-09-26,19.0,15.0,,,38.7,
10461,2020-10-03,21.0,15.0,,,42.8,
10461,2020-10-10,19.0,18.0,,,38.7,
10461,2020-10-17,24.0,21.0,,,48.9,
10461,2020-10-24,34.0,24.0,,,69.2,
10461,2020-10-31,37.0,28.0,,,75.4,
10461,2020-11-07,56.0,38.0,,,114.1,
10461,2020-11-14,74.0,50.0,,,150.7,
10461,2020-11-21,118.0,71.0,,,240.3,
10461,2020-11-28,127.0,94.0,,,258.7,
10461,2020-12-05,207.0,132.0,8.0,,421.6,16.3
10461,2020-12-12,197.0,162.0,8.0,,401.2,16.3
10461,2020-12-19,181.0,178.0,8.0,,368.6,16.3
10461,2020-12-26,202.0,197.0,8.0,,411.4,16.3
10461,2021-01-02,284.0,216.0,12.0,,578.4,24.4
10461,2021-01-09,324.0,248.0,12.0,,659.9,24.4
10461,2021-01-16,305.0,279.0,12.0,,621.2,24.4
10461,2021-01-23,287.0,300.0,12.0,,584.5,24.4
10461,2021-01-30,310.0,306.0,12.0,,631.4,24.4
10461,2021-02-06,283.0,296.0,19.0,,576.4,38.7
10461,2021-02-13,274.0,288.0,19.0,,558.1,38.7
10461,2021-02-20,198.0,266.0,19.0,,403.3,38.7
10461,2021-02-27,187.0,236.0,19.0,,380.9,38.7
10461,2021-03-06,151.0,202.0,10.0,12,307.6,20.4
10461,2021-03-13,166.0,176.0,10.0,12,338.1,20.4
10461,2021-03-20,161.0,166.0,10.0,12,327.9,20.4
10461,2021-03-27,192.0,168.0,10.0,12,391.1,20.4
10461,2021-04-03,161.0,170.0,10.0,13,327.9,20.4
10461,2021-04-10,142.0,164.0,10.0,13,289.2,20.4
10461,2021-04-17,118.0,153.0,10.0,13,240.3,20.4
10461,2021-04-24,74.0,124.0,10.0,13,150.7,20.4
10461,2021-05-01,45.0,95.0,,,91.7,
10461,2021-05-08,50.0,72.0,,,101.8,
10461,2021-05-15,31.0,50.0,,,63.1,
10461,2021-05-22,23.0,37.0,,,46.9,
10461,2021-05-29,8.0,28.0,,,16.3,
10461,2021-06-05,8.0,18.0,,,16.3,
10461,2021-06-12,13.0,13.0,,,26.5,
10461,2021-06-19,3.0,8.0,,,6.1,
10461,2021-06-26,4.0,7.0,,,8.2,
10461,2021-07-03,4.0,6.0,,,8.2,
10461,2021-07-10,12.0,6.0,,,24.4,
10461,2021-07-17,23.0,11.0,,,46.9,
10461,2021-07-24,37.0,19.0,,,75.4,
10461,2021-07-31,57.0,32.0,,,116.1,
10461,2021-08-07,68.0,46.0,,,138.5,
10461,2021-08-14,81.0,61.0,,,165.0,
10461,2021-08-21,110.0,79.0,,,224.0,
10461,2021-08-28,90.0,87.0,,,183.3,
10461,2021-09-04,79.0,90.0,,,160.9,
10461,2021-09-11,103.0,96.0,,,209.8,
10461,2021-09-18,95.0,92.0,,,193.5,
10461,2021-09-25,96.0,93.0,,,195.5,
10461,2021-10-02,61.0,89.0,,,124.2,
10461,2021-10-09,53.0,76.0,,,108.0,
10461,2021-10-16,38.0,62.0,,,77.4,
10461,2021-10-23,39.0,48.0,,,79.4,
10461,2021-10-30,21.0,38.0,,,42.8,
10461,2021-11-06,13.0,28.0,,,26.5,
10461,2021-11-13,45.0,30.0,,,91.7,
10461,2021-11-20,39.0,30.0,,,79.4,
10461,2021-11-27,50.0,37.0,,,101.8,
10461,2021-12-04,142.0,69.0,,,289.2,
10461,2021-12-11,140.0,93.0,,,285.1,
10461,2021-12-18,337.0,167.0,,,686.4,
10461,2021-12-25,1088.0,427.0,,,2216.0,
10461,2022-01-01,2087.0,913.0,19.0,,4250.7,38.7
10461,2022-01-08,1856.0,1342.0,19.0,,3780.2,38.7
10461,2022-01-15,805.0,1459.0,19.0,,1639.6,38.7
10461,2022-01-22,332.0,1270.0,19.0,,676.2,38.7
10461,2022-01-29,148.0,785.0,19.0,,301.4,38.7
10461,2022-02-05,66.0,338.0,15.0,,134.4,30.6
10461,2022-02-12,40.0,146.0,15.0,,81.5,30.6
10461,2022-02-19,31.0,71.0,15.0,,63.1,30.6
10461,2022-02-26,23.0,40.0,15.0,,46.9,30.6
10461,2022-03-05,18.0,28.0,,,36.7,
10461,2022-03-12,14.0,22.0,,,28.5,
10461,2022-03-19,24.0,20.0,,,48.9,
10461,2022-03-26,38.0,24.0,,,77.4,
10461,2022-04-02,67.0,36.0,,,136.5,
10461,2022-04-09,61.0,48.0,,,124.2,
10461,2022-04-16,90.0,64.0,,,183.3,
10461,2022-04-23,80.0,74.0,,,162.9,
10461,2022-04-30,114.0,86.0,,,232.2,
10461,2022-05-07,137.0,105.0,,,279.0,
10461,2022-05-14,177.0,127.0,,,360.5,
10461,2022-05-21,206.0,158.0,,,419.6,
10461,2022-05-28,144.0,166.0,,,293.3,
10461,2022-06-04,156.0,171.0,,,317.7,
10461,2022-06-11,113.0,155.0,,,230.2,
10461,2022-06-18,123.0,134.0,,,250.5,
10461,2022-06-25,159.0,138.0,,,323.8,
10461,2022-07-02,156.0,138.0,,,317.7,
10461,2022-07-09,193.0,158.0,,,393.1,
10461,2022-07-16,209.0,179.0,,,425.7,
10461,2022-07-23,184.0,186.0,,,374.8,
10461,2022-07-30,176.0,190.0,,,358.5,
10461,2022-08-06,181.0,188.0,,,368.6,
10461,2022-08-13,140.0,170.0,,,285.1,
10461,2022-08-20,89.0,146.0,,,181.3,
10461,2022-08-27,107.0,129.0,,,217.9,
10461,2022-09-03,114.0,112.0,5.0,,232.2,10.2
10461,2022-09-10,72.0,96.0,5.0,,146.7,10.2
10461,2022-09-17,89.0,96.0,5.0,,181.3,10.2
10461,2022-09-24,86.0,90.0,5.0,,175.2,10.2
10461,2022-10-01,71.0,80.0,,,144.6,
10461,2022-10-08,89.0,84.0,,,181.3,
10461,2022-10-15,87.0,83.0,,,177.2,
10310,2020-08-08,6.0,,,,25.6,
10310,2020-08-15,8.0,,,,34.1,
10310,2020-08-22,3.0,,,,12.8,
10310,2020-08-29,10.0,7.0,,,42.7,
10310,2020-09-05,10.0,8.0,,,42.7,
10310,2020-09-12,11.0,8.0,,,46.9,
10310,2020-09-19,11.0,10.0,,,46.9,
10310,2020-09-26,14.0,12.0,,,59.7,
10310,2020-10-03,25.0,15.0,,,106.7,
10310,2020-10-10,12.0,16.0,,,51.2,
10310,2020-10-17,14.0,16.0,,,59.7,
10310,2020-10-24,11.0,16.0,,,46.9,
10310,2020-10-31,25.0,16.0,,,106.7,
10310,2020-11-07,63.0,28.0,,,268.8,
10310,2020-11-14,76.0,44.0,,,324.2,
10310,2020-11-21,79.0,61.0,,,337.0,
10310,2020-11-28,95.0,78.0,,,405.3,
10310,2020-12-05,147.0,99.0,,,627.1,
10310,2020-12-12,120.0,110.0,,,511.9,
10310,2020-12-19,149.0,128.0,,,635.6,
10310,2020-12-26,150.0,142.0,,,639.9,
10310,2021-01-02,191.0,152.0,,,814.8,
10310,2021-01-09,192.0,170.0,,,819.1,
10310,2021-01-16,138.0,168.0,,,588.7,
10310,2021-01-23,125.0,162.0,,,533.2,
10310,2021-01-30,110.0,141.0,,,469.2,
10310,2021-02-06,93.0,116.0,,,396.7,
10310,2021-02-13,74.0,100.0,,,315.7,
10310,2021-02-20,55.0,83.0,,,234.6,
10310,2021-02-27,56.0,70.0,,,238.9,
10310,2021-03-06,94.0,70.0,,,401.0,
10310,2021-03-13,83.0,72.0,,,354.1,
10310,2021-03-20,91.0,81.0,,,388.2,
10310,2021-03-27,125.0,98.0,,,533.2,
10310,2021-04-03,108.0,102.0,,,460.7,
10310,2021-04-10,91.0,104.0,,,388.2,
10310,2021-04-17,101.0,106.0,,,430.9,
10310,2021-04-24,56.0,89.0,,,238.9,
10310,2021-05-01,41.0,72.0,,,174.9,
10310,2021-05-08,34.0,58.0,,,145.0,
10310,2021-05-15,29.0,40.0,,,123.7,
10310,2021-05-22,4.0,27.0,,,17.1,
10310,2021-05-29,11.0,20.0,,,46.9,
10310,2021-06-05,14.0,14.0,,,59.7,
10310,2021-06-12,10.0,10.0,,,42.7,
10310,2021-06-19,5.0,10.0,,,21.3,
10310,2021-06-26,7.0,9.0,,,29.9,
10310,2021-07-03,8.0,8.0,,,34.1,
10310,2021-07-10,10.0,8.0,,,42.7,
10310,2021-07-17,11.0,9.0,,,46.9,
10310,2021-07-24,22.0,13.0,,,93.8,
10310,2021-07-31,52.0,24.0,,,221.8,
10310,2021-08-07,78.0,41.0,,,332.7,
10310,2021-08-14,57.0,52.0,,,243.2,
10310,2021-08-21,62.0,62.0,,,264.5,
10310,2021-08-28,64.0,65.0,,,273.0,
10310,2021-09-04,58.0,60.0,,,247.4,
10310,2021-09-11,39.0,56.0,,,166.4,
10310,2021-09-18,57.0,54.0,,,243.2,
10310,2021-09-25,42.0,49.0,,,179.2,
10310,2021-10-02,31.0,42.0,,,132.2,
10310,2021-10-09,33.0,41.0,,,140.8,
10310,2021-10-16,25.0,33.0,,,106.7,
10310,2021-10-23,16.0,26.0,,,68.2,
10310,2021-10-30,27.0,25.0,,,115.2,
10310,2021-11-06,14.0,20.0,,,59.7,
10310,2021-11-13,27.0,21.0,,,115.2,
10310,2021-11-20,45.0,28.0,,,192.0,
10310,2021-11-27,38.0,31.0,,,162.1,
10310,2021-12-04,68.0,44.0,,,290.1,
10310,2021-12-11,77.0,57.0,,,328.5,
10310,2021-12-18,218.0,100.0,,,930.0,
10310,2021-12-25,587.0,238.0,,,2504.1,
10310,2022-01-01,1098.0,495.0,,,4684.0,
10310,2022-01-08,970.0,718.0,,,4137.9,
10310,2022-01-15,365.0,755.0,,,1557.1,
10310,2022-01-22,184.0,654.0,,,784.9,
10310,2022-01-29,70.0,397.0,,,298.6,
10310,2022-02-05,41.0,165.0,,,174.9,
10310,2022-02-12,22.0,79.0,,,93.8,
10310,2022-02-19,28.0,40.0,,,119.5,
10310,2022-02-26,11.0,26.0,,,46.9,
10310,2022-03-05,13.0,18.0,,,55.5,
10310,2022-03-12,13.0,16.0,,,55.5,
10310,2022-03-19,14.0,13.0,,,59.7,
10310,2022-03-26,13.0,13.0,,,55.5,
10310,2022-04-02,31.0,18.0,,,132.2,
10310,2022-04-09,30.0,22.0,,,128.0,
10310,2022-04-16,37.0,28.0,,,157.8,
10310,2022-04-23,35.0,33.0,,,149.3,
10310,2022-04-30,53.0,39.0,,,226.1,
10310,2022-05-07,70.0,49.0,,,298.6,
10310,2022-05-14,124.0,70.0,,,529.0,
10310,2022-05-21,105.0,88.0,,,447.9,
10310,2022-05-28,94.0,98.0,,,401.0,
10310,2022-06-04,96.0,105.0,,,409.5,
10310,2022-06-11,90.0,96.0,,,383.9,
10310,2022-06-18,76.0,89.0,,,324.2,
10310,2022-06-25,62.0,81.0,,,264.5,
10310,2022-07-02,66.0,74.0,,,281.6,
10310,2022-07-09,96.0,75.0,,,409.5,
10310,2022-07-16,94.0,80.0,,,401.0,
10310,2022-07-23,96.0,88.0,,,409.5,
10310,2022-07-30,89.0,94.0,,,379.7,
10310,2022-08-06,81.0,90.0,,,345.5,
10310,2022-08-13,56.0,80.0,,,238.9,
10310,2022-08-20,63.0,72.0,,,268.8,
10310,2022-08-27,35.0,59.0,,,149.3,
10310,2022-09-03,39.0,48.0,,,166.4,
10310,2022-09-10,45.0,46.0,,,192.0,
10310,2022-09-17,48.0,42.0,,,204.8,
10310,2022-09-24,44.0,44.0,,,187.7,
10310,2022-10-01,63.0,50.0,,,268.8,
10310,2022-10-08,46.0,50.0,,,196.2,
10310,2022-10-15,72.0,56.0,,,307.1,
